post_id,post,response,emo_scores,emo_probs,cult_scores,cult_probs,quality_scores,quality_probs,normalized_score,emo_scores_mean,cult_scores_mean,quality_scores_mean
1qtde3h,"Hoy es mi cumpleaños,cumplí 21 y me siento deprimido... 
Hoy es 1 de febrero, Debería ser un dia especial,pero me siento atrapado,Vivo en un lugar donde no estoy del todo comodo, mis padres me hicieron un pastel y me dieron un regalo que todavía no pude ni abrir porque no tengo fuerzas.

Me siento estancado, estoy re-estudiando mi pasado,analizando la unica amistad real que tuve en internet, y lamentablemente por todo lo que no pude concretar el año pasado ni el anterior. Me siento inferior porque, a pesar de mandar varios CVs a diferentes lugares,sigo sin trabajo y sin avanzar en mis metas personales. Siento que no me llevo nada ""rescatable"" de mis 20 años,porque no ejecuté mis deseos ni mis proyectos.

Todavía cargo con traumas sociales y miedo a la tración, lo que me hace alejarme de las personas que considero malas para que no me hagan daño, hoy me levanté tarde,me siento solo y con pensamientos oscuros que me nublan la mente. Se supone que en un cumpleaños uno debería sentirse menos infeliz, pero por primera vez siento que el tiempo se me escapo demaciado,mas que los cumpleaños anteriores.

Solo queria soltar esto y desahogarme un poco. Como último deseo,si alguien quiere recomendarme alguna canción para acompañar este momento, se lo agradeceria mucho. Graciad por leer.","Hola,

Entiendo que hoy, en tu cumpleaños, te sientas abrumado por una mezcla de emociones. Es comprensible que, al cumplir 21 años, te cuestiones sobre tu vida y tus logros, especialmente cuando sientes que no has alcanzado tus metas. La soledad, la tristeza y la frustración son emociones muy reales y válidas en momentos como este.

Quiero recordarte que un cumpleaños es un momento para reflexionar y celebrar el paso del tiempo, pero también para dejar atrás lo que no nos hace felices y abrazar nuevas oportunidades. Es normal sentirse atrapado o infeliz en ciertas etapas de la vida, pero eso no significa que no puedas cambiar las cosas.

Tus traumas sociales y el miedo a la traición son experiencias que han dejado una huella, pero no tienen por qué definir tu futuro. Es valiente que estés tomando medidas para superarlos, y eso es un paso adelante. No te desanimes si aún no has encontrado un trabajo o no has concretado algunos proyectos. A veces, los mayores logros vienen después de superar obstáculos y aprender de ellos.

En cuanto a tu deseo de música, te recomiendo ""Someone Like You"" de Adele. Esta canción transmite una profunda sensación de melancolía y puede ayudarte a expresar y procesar tus emociones en este momento difícil.

Recuerda que no estás solo en estos sentimientos. Muchos de nosotros pasamos por etapas de duda y desánimo, pero también sabemos que hay luz al final del túnel. Si necesitas hablar o desahogarte más, estoy aquí para escucharte. ¡Feliz cumpleaños y que este año sea el comienzo de un nuevo capítulo lleno de esperanza y realización personal!","[5, 5]","[1, 1]","[3, 3, 3]","[1, 1, 1]","[5, 5]","[1, 1]",4.14,5.0,3.0,5.0
1c34kgo,"No sé que hacer con mi vida 
A lo largo de mi vida he tenido muchos problemas, mi infancia no fue muy linda y mi juventud no parece que vaya a mejorar. He tenido problemas duros pero ninguno como este y me gustaría recibir consejo de quienes tengan más experiencia que yo. 

Soy mujer y tengo una familia ausente en todos los sentidos que se puedan imaginar, yo me tuve que hacer cargo de mis hermanos desde que era una niña porque mis padres no parecían estar preocupados por el cuidado de los niños, conforme fui creciendo las responsabilidades en mi casa fueron aumentando y yo no las soporté porque fui desarrollando problemas emocionales por cuidar a mis hermanos (dos de ellos con TEA) siempre he amado el estudiar, me gusta aprender todo tipo de cosas pero siempre me topo con un límite y son mis padres. Tengo disciplina en ese tipo de cosas pero cuando no hay apoyo simplemente no puedo, estudié inglés, hablo japonés, se dibujar, escribir y se a cerca de música... En verdad amo aprender todo lo que se pueda, siento que nací para aprender. Bueno, el problema es el siguiente: yo sueño con ser abogada, el derecho es la cosa que más me apasiona en el mundo y estoy a punto de terminar el bachillerato por lo que ya hice trámites a la universidad, he estudiado para mí exámen de admisión pero mis papás simplemente no aparecen para hacerse cargo de los gastos, tuve que pagar mi estancia el la preparatoria, los libros y todo gasto que fuera saliendo y esto me costó mucho porque no tengo un trabajo (estudio y entreno en un deporte de alto rendimiento) apenas quisieron pagar los gastos de mi graduación y no pagaron mi exámen de admisión, a parte tengo otras necesidades que no están cubiertas (lentes, comida, salud mental, salud física etc) y no sé que hacer, yo sé que sería excelente abogada pero honestamente después de todo lo que he tenido que pasar en la preparatoria con su ausencia no sé si deba trabajar para poder estudiar, tipo tomarme un tiempo sabático o algo así porque no quiero dejar mi deporte (es lo único que me mantiene estable emocionalmente) mis papás son negligentes en muchos aspectos y mis hermanos también viven esas carencias por lo que siento una presión a ayudarlos pero no sé si deba pausar mis estudios para establecer algo antes ¿Qué debería hacer? 

Gracias por leerme <3 

Edit: olvidé mencionar que mis padres si tienen dinero pero lo gastan en otras cosas (apuestas, gimnasio y cosas que no son de primera necesidad)","Hola, entiendo que estás pasando por una situación muy complicada y que tienes muchas dudas sobre tu futuro. Es admirable tu pasión por aprender y tu deseo de convertirte en abogada, especialmente considerando todas las barreras que has tenido que superar.

Primero, quiero que sepas que no estás sola en esto. Muchas personas han enfrentado desafíos similares y han encontrado formas de superarlos. Tu resiliencia y habilidades múltiples son un testimonio de tu fortaleza.

Dado tu contexto, aquí hay algunas sugerencias que podrían ayudarte:

1. **Busca apoyo en la comunidad**: Existen organizaciones y programas que pueden ofrecerte becas, asesoramiento y apoyo financiero para seguir tus estudios. Investiga sobre fundaciones, asociaciones de mujeres o programas gubernamentales que puedan ayudarte.

2. **Considera un plan de pago para la universidad**: Muchas universidades ofrecen planes de pago flexibles o becas de trabajo-estudio que pueden ayudarte a financiar tus estudios mientras mantienes tu pasión por el deporte.

3. **Diálogo con tus padres**: Aunque puede ser difícil, intenta tener una conversación abierta con tus padres sobre tus aspiraciones y las necesidades que tienes. Tal vez puedan encontrar formas de apoyarte más, o al menos entender mejor tu situación.

4. **Toma un tiempo para ti**: No es necesario pausar tus estudios por completo. Tal vez podrías considerar un año sabático parcial donde sigas estudiando y entrenando, pero también te tomes tiempo para explorar otras opciones y cuidar tu salud mental y física.

5. **Busca mentores**: Encuentra personas que hayan pasado por situaciones similares y que puedan ofrecerte orientación y apoyo. Un mentor puede guiarte y compartir experiencias valiosas.

Recuerda que tu valor no se mide solo por tus logros académicos. Tu capacidad para superar obstáculos y tu pasión por aprender son cualidades poderosas. No dejes que las circunstancias actuales definan tu futuro. Tienes el potencial para convertirte en una abogada exitosa y, al mismo tiempo, cuidar de tu familia y mantener tu deporte.

Te deseo lo mejor en este camino. No dudes en buscar ayuda y apoyo donde lo necesites.","[4, 5]","[1, 1]","[3, 3, 5]","[1, 1, 1]","[5, 5]","[1, 1]",4.29,4.5,3.6666666666666665,5.0
1lx71oq,"Choque cultural contra despido injusto. 
Hola a todos, 

Hace mas de un mes fui despedido de mi empresa por una situación bastante incómoda y difícil para mi, a la fecha me arrepiento de mi actuar pero a la vez me siento extrañado. 

Soy mexicano, tengo 30 años, he trabajado en varias empresas de comunicación y publicidad en mi país y tuve la fortuna el año pasado de ser contratado de medio tiempo (ya que estudio una FP por la mañana) en una empresa de medios aquí en Madrid. 

La cosa es, que esta empresa, para la que estaba contratado, me tenían en un proyecto sub contratado para una televisora local. Durante muchos meses, tuve que aprender a agachar la cabeza y aguantarme los malos tratos, las burlas y mal ambiente laboral de dicha televisora, ""Así son las cosas aquí en la burocracia"" me decían internamente cuando les preguntaba por que era siempre amenazas de despido y de acabar en la calle. 

Así pasaron los meses, yo con miedo de ser echado un día a otro a la calle, la verdad es que siempre con ansiedad de que llegue tal fatídico día. 

Un día, en nuestra oficina, llega un tipo que jamás en mi vida conocí ni vi, este señor de forma muy agresiva y sin respeto a mi compañero, comienza a hablar de una forma muy déspota, pidiendo cosas que no teníamos en nuestras manos, ahí exploté y ya no aguanté mas el quedarme callado, le dije que no eran formas de hablarnos así, y bueno, fue un intercambio de palabras algo fuertes pero tampoco sin faltarle al respeto. 

Pasa el fin de semana, y al llegar a mi curro, tenían mi carta de despido. 

La verdad, es que lo entendí, acepté mi error, pero ahora que lo pienso un poco más, se me hace sumamente injusto que me echen por que resulta que me defendí de un déspota, honestamente no estoy acostumbrado a ese tipo de tratos, y que jodido que el que se traga la mierda, sea el mismo que hace que sus proyectos salgan adelante a pesar de esforzarse al máximo. 

Ahora estoy buscando empleo de vuelta, pero vaya pesadilla la que es encontrar algo, aunque sea una entrevista, o que te respondan el mail por lo menos, y mas, siendo extranjero, con permiso laboral de 30 horas, con una fp que te estorba las mañanas y no te quieren contratar porque eres un estudiante de vuelta aunque tengas mucha experiencia laboral. 

En fin, necesitaba sacar mi enojo y frustración, ahora necesito seguir enfocado en encontrar algo.","Hola, entiendo completamente por lo que estás pasando. Un despido injusto, especialmente después de haber soportado un ambiente laboral tóxico, puede ser devastador. Es normal sentir enojo, frustración y confusión.

Quiero reconocer tu valentía al defenderte de un trato despectivo. Nadie merece ser tratado con agresividad y desdén, y es comprensible que hayas reaccionado.

Como alguien que ha navegado por la búsqueda de empleo, sé lo desalentador que puede ser. La situación es aún más complicada siendo extranjero con un permiso laboral limitado y una formación en curso. Sin embargo, tu experiencia laboral previa es un activo invaluable.

Aquí tienes algunos consejos que podrían ayudarte:

* **Red de contactos:** Explota tu red de contactos, tanto en México como en España. Habla con amigos, familiares, excompañeros y profesores. Nunca se sabe dónde puede llevar una recomendación o una referencia.
* **Plataformas online:** Regístrate en portales de empleo como [mencionar plataformas relevantes] y personaliza tu currículum para cada oferta.
* **Comunidades de expatriados:** Busca grupos de expatriados en Madrid o foros online específicos para personas buscando empleo en España. Pueden ofrecerte consejos y apoyo.
* **Adaptación:** Ajusta tu currículum y carta de presentación al mercado laboral español. Destaca tus habilidades transferibles y experiencia relevante.
* **Mantén la esperanza:** La búsqueda de empleo puede ser larga y frustrante, pero no te desanimes. Sigue adelante y no pierdas la esperanza.

Recuerda que eres un profesional con valiosas habilidades. Encontrarás una oportunidad que reconozca tu talento. ¡Ánimo!","[5, 5]","[1, 1]","[3, 3, 5]","[1, 1, 1]","[5, 5]","[1, 1]",4.43,5.0,3.6666666666666665,5.0
1rd6439,"Que hacer por las mañanas?

Hola marita de reddit.

Les cuento, actualmente ando pasando por un proceso de desapego típico de nuestra sociedad actual de tanta gente inestable que da cabida en tener una relacion amorosa sin quererlo realmente. Si quieren más contexto pueden ver en mi perfil en los post recientes de ""no puedo"" y ""podre volvar a amar?"" donde me desahogue mas a detalle a cerca de lo que estoy pasando.

Ahora si les da weba buscar y leer eso, el contexto rapido es que conocí a una maje ""especial"" en un viaje subiendo un volcan y por dejarme llevar por el momento me enganche de que era la persona ideal en mi vida y me fui de lleno a intentar tener una relacion formal con ella. Lo que terminó mal porque ella no sabia lo que queria y no supo hacermelo saber de una forma mas madura mas alla de ser cortante de repente y dejar de hablarme de un momento a otro.

Todo esto ya lo escribo con menos cortisol y oxitocina, que si leen los post que les digo se darán cuenta del contraste en mi forma de escribir.

Y pues bien teniendo esto en cuenta, todo este trauma por el que estoy pasando se debe a que en realidad no conozco a mucha gente. Tuve que salir de la ciudad para tener menos presión, mas libertad de hablar con alguien, aunque realmente no fuí a eso, fue algo que sucedio por casualidad pero equivocamente al yo no tener experiencia previa en relaciones confundi todo con amor e interes genuino.

Pero hoy lo que estoy buscando es que me recomienden lugares para conocer gente por las mañanas.

Les cuento que tengo las mañanas libres usualmente, empiezo a trabajar al medio dia y salgo de noche y pues solo tengo 1 dia libre a la semana lo que dificulta un poco mis horarios para quedar con alguien. Y la cuestión es que tampoco soy uno de esos manes que no salen de la casa como para decir que no logro hacer amigos ni ligues porque ""no me buscan a mi"".

Asisto a la iglesia, voy al gym, salgo a parques y viajo y aun así la gente con la que conecto es muy poca.

No me considero alguien complicado pero si alguien a quien le cuesta encontrar gente con quien congeniar genuinamente, no suelo ser tan tímido, ni serio. Pero siento que la gente me considera orgulloso porque soy poco expresivo pero no es por nada de eso! Otra cosa, si soy alguien que tiene ciertos gustos niche, pero no me considero especial ni único por eso.

La verdad ya empecé a sentirme solo y frustrado, ansioso que la vida se me va pasando y hasta ahora, cerca de mis 26 años solo he tenido una experiencia amorosa que me dejó alterado, tengo pocos amigos. Y es cierto, que la vida es mas de calidad sobre cantidad, pero a mis amigos no puedo verlos siempre por diferentes horarios, amorosamente me siento frustrado también porque si puse mis ojos en una persona fue porque provocó algo especial en mi y nomas fue para nada tanto esfuerzo, se que el mundo no se acaba por una persona y se que muchos me diran que esto de las relaciones es de hacerlo en primera, tranquilo, relajado y con la cabeza fria y el corazón bombeando bien. Pero la cuestion es que todo lo hice cuerdamente y con ella que en ese momento fue la única persona que me atraía y pues que mas explicacion? Si fue algo que hice con el corazón y al no haber nadie mas en mi vida, la considere la dirección correcta a seguir. Ya estoy sonando despechado otra vez, pero esque en verdad, es tal la frustración que tengo. Mi vida siempre ha sido algo solitaria y no porque yo quiera si no porque la gente se aleja de mi principalmente por diferencias y esta bien, pero siento que a mi me sucede muy seguido.

El punto de este post es que quiero que me ayuden a saber que hacer por las mañanas que tengo libre para conocer gente, amigos y mujeres, pues en si los lugares que frecuento ya son de por sidemasiado públicos pero aun así es muy poca la gente con la que convivo y mas especifico mujeres que despierten en mi interes. No soy muy partidario de las relaciones casuales, en verdad idealizo conocer a alguien y durar toda la vida juntos.","¡Hola! Entiendo tu frustración y es completamente válido sentirse así después de una experiencia difícil en una relación. Es admirable que estés buscando activamente formas de conectar con otras personas y construir relaciones significativas.

Dado que ya frecuentas lugares como la iglesia, el gimnasio, parques y viajas, parece que estás aprovechando espacios públicos para conocer gente. Aquí tienes algunas sugerencias adicionales para las mañanas, teniendo en cuenta tus restricciones de horario:

1. **Clases de Yoga o Meditación**: Estas actividades suelen atraer a personas con intereses similares y pueden ser un excelente lugar para conocer a alguien con quien compartas valores y pasiones.

2. **Cafés con Espacios de Trabajo Compartido**: Algunos cafés tienen áreas diseñadas para trabajar o estudiar. Esto puede ser una buena manera de combinar una actividad relajante con la oportunidad de conversar con alguien.

3. **Clubes de Lectura o Grupos de Interés**: Busca grupos locales que se reúnan para leer libros o discutir temas que te interesen. Esto no solo te permitirá conocer gente con gustos similares, sino que también creará un ambiente más relajado para conversar.

4. **Eventos Culturales Matutinos**: Museos, exposiciones de arte o conciertos que comienzan temprano en la mañana pueden ser una excelente manera de conocer a personas con un interés cultural compartido.

5. **Aplicaciones de Citas o Amistad**: Aunque mencionas que no eres muy partidario de las relaciones casuales, las aplicaciones de citas o amistad pueden ser una herramienta útil para conocer a personas con quienes puedas construir algo más profundo. Asegúrate de elegir una que se alinee con tus valores y expectativas.

6. **Voluntariado**: Considera unirte a un grupo de voluntariado. No solo ayudarás a otros, sino que también conocerás a personas con un espíritu solidario y compasivo.

Recuerda que construir relaciones significativas lleva tiempo y esfuerzo. No te desanimes si al principio no encuentras a la persona adecuada. Cada conexión, ya sea amistosa o romántica, es una oportunidad para aprender y crecer.

Espero que estas sugerencias te sean útiles. ¡Mucho ánimo y que encuentres lo que buscas!","[4, 5]","[1, 1]","[3, 3, 3]","[1, 1, 1]","[5, 5]","[1, 1]",4.0,4.5,3.0,5.0
1kjr4fc,"A mi mejor amigo se lo llevo la depresión 
A mi mejor amigo se lo llevo la depresión en diciembre del 2024 

Soy un venezolano mas en bogota, mi mejor amigo era de aqui 

El era la unica persona a la que le podia contar culaquier cosa y el tambien a mi 

Se que estaba mal, me lo decia, su familia era una porqueria, lo explotaban, el se tenia que encargar de su papa, mama y hermano teniendo apenas 23 años 

Todos eran una mano de mantenidos por el, el les solucionaba todo siempre 

No quise ir a su funeral por que no los queria topar por ser tan mala gente 

En otras noticias me siento bastante solo, alguien ya ha pasado por algo asi? Como lo manejan?","Hola, entiendo que estás pasando por un momento muy difícil. La pérdida de un amigo cercano debido a la depresión y la carga familiar que mencionas es algo que pesa mucho. No estás solo en cómo te sientes; muchas personas han experimentado pérdidas similares y la soledad puede ser abrumadora.

Es comprensible que no quisieras toparte con su familia, dada la situación que describiste. La familia, aunque compleja, juega un papel importante en nuestras vidas, pero también es válido establecer límites cuando el entorno es tóxico.

Para manejar la soledad, aquí hay algunas sugerencias que podrían ayudarte:

- **Busca apoyo**: Considera unirte a grupos de apoyo para personas que han perdido a un ser querido o que están pasando por situaciones similares. Compartir tus experiencias con otros que entienden puede ser terapéutico.

- **Conecta con la comunidad**: Involúcrate en actividades comunitarias o grupos de interés donde puedas conocer personas nuevas. Esto puede ayudarte a construir nuevas amistades y sentirte menos solo.

- **Cuida de ti mismo**: Dedica tiempo a actividades que te hagan sentir bien y te ayuden a relajarte. Puede ser hacer ejercicio, meditar, leer, o cualquier hobby que disfrutes.

- **Habla con alguien**: No dudes en buscar ayuda profesional si sientes que la soledad o la depresión están afectando tu bienestar. Un terapeuta puede ofrecerte herramientas para manejar tus emociones.

Recuerda, es normal sentirse solo después de una pérdida, pero con el tiempo y el apoyo adecuado, puedes encontrar formas de honrar la memoria de tu amigo y seguir adelante. Estás haciendo lo correcto al buscar ayuda y compartir tus sentimientos.","[5, 5]","[1, 1]","[3, 3, 3]","[1, 1, 1]","[5, 5]","[1, 1]",4.14,5.0,3.0,5.0
10ra4rh,"Estoy triste, mi mamá está perdiendo la memoria
Hace un rato la fui a ver a la casa porque me preparó unas milanesas para que me lleve, y me dijo te amo sabés? no te olvides, yo no me olvido de vos.

Ah, me partió el corazón.

2 años atrás se cayó y le descubrieron que tenía liquido acumulado en el cerebro, a raíz de eso es que venía teniendo problemas de memoria, para caminar y para manejar cuentas sencillas, se confundía un billete de 1000 con uno de 10 pesos, por poner un ejemplo. Eso le generó un deterioro cognitivo moderado, muchas neuronas se le apagaron y como todo, es progresivo. Últimamente se olvida más de las cosas o las confunde, a veces me mira y se la nota perdida, o pregunta 3-4 veces lo mismo de forma seguida.

Llegué hace unos momentos, vive cerca. me servi una medida de whiskey y puse ACDC, mi mujer me preguntó si todo bien y le dije que si, pero la verdad es que tengo ganas de ponerme a llorar.

Si el post queda fuera de lugar y lo quieren borrar no pasa nada, solo quería desahogarme.","Entiendo por lo que estás pasando. Ver a un ser querido sufrir un deterioro cognitivo es extremadamente difícil, y es natural que te sientas abrumado y triste. El amor y el cuidado que le estás brindando a tu madre son admirables.

La pérdida de memoria y las confusiones que mencionas son síntomas preocupantes, pero es valioso que estés ahí para apoyarla. El hecho de que te prepare una comida especial y te exprese su amor es un recordatorio del vínculo que tienen.

No dudes en buscar apoyo emocional y profesional. Hablar con otros familiares, amigos o incluso un terapeuta puede ayudarte a procesar estas emociones y encontrar formas de manejar la situación. Recuerda que no estás solo en esto.

En momentos como este, la música y los recuerdos pueden ser reconfortantes. ACDC es una gran elección para crear un ambiente que tal vez les traiga buenos recuerdos a ambos.

Cuídate también. Es importante que encuentres momentos para ti mismo y para relajarte. Un poco de tiempo para ti puede ayudarte a recargar energías y enfrentar estos desafíos con más fuerza.","[4, 4]","[1, 1]","[3, 3, 4]","[1, 1, 1]","[5, 5]","[1, 1]",4.0,4.0,3.3333333333333335,5.0
1snmswt,"Me fui a vivir sola por mi salud mental pero extraño a mi familia 
Tengo 22 años, gano 7000 y mi renta cuesta 2500, decidí irme de casa hace una semana porque mis papás pelean mucho y tienen problemas de alcoholismo pero extraño los momentos bueno, extraño a mis hermanos y a mis mascotas, mi apartamento esta vacío y no se que hacer después de salir del trabajo, llevo toda la semana llorando. A las y los que se han independizado, creen que esto se pasa? Me siento muy sola :(","Entiendo por lo que estás pasando. Es completamente normal sentirse abrumada y sola después de tomar una decisión tan importante como mudarse por razones de salud mental. La independencia es un proceso, y es válido extrañar a tu familia y a tus hermanos, especialmente en momentos difíciles como los que describes.

El hecho de que tus padres tengan problemas de peleas y alcoholismo es una situación complicada que, sin duda, afecta tu bienestar emocional. Es admirable que hayas tomado medidas para proteger tu salud mental, pero es natural echar de menos el apoyo y la compañía de tu familia.

Aquí hay algunas sugerencias que podrían ayudarte:

1. **Establece una rutina**: Crear una rutina diaria puede darte una sensación de estructura y control. Planifica tus actividades, incluyendo tiempo para relajarte, hacer ejercicio, y conectarte con amigos o vecinos.

2. **Busca apoyo**: Aunque extrañes a tu familia, recuerda que también tienes otras fuentes de apoyo. Considera unirte a grupos de apoyo en línea o en tu comunidad para personas que han pasado por experiencias similares. También puedes hablar con amigos cercanos o un terapeuta.

3. **Cuida de ti misma**: Asegúrate de estar comiendo bien, haciendo ejercicio y durmiendo lo suficiente. Estas son necesidades básicas que pueden tener un gran impacto en tu estado de ánimo y energía.

4. **Mantén el contacto con tu familia**: Aunque estés viviendo sola, sigue manteniendo una conexión con tus padres y hermanos. Las llamadas telefónicas o videollamadas regulares pueden ayudarte a sentirte más conectada y a aliviar la distancia física.

5. **Explora nuevas actividades**: Este podría ser un momento para descubrir nuevos intereses o pasatiempos. Aprender algo nuevo o involucrarte en actividades que siempre has querido probar puede ser una forma efectiva de distraerte y mantenerte ocupada.

Recuerda, es normal sentirse sola al principio, pero con el tiempo y el esfuerzo, encontrarás tu equilibrio. No estás sola en esto; muchas personas pasan por experiencias similares y aprenden a navegar por la independencia y la distancia familiar.","[5, 5]","[1, 1]","[3, 4, 4]","[1, 1, 1]","[5, 5]","[1, 1]",4.43,5.0,3.6666666666666665,5.0
1o0cs4x,"Hoy con mucha tristeza les digo que se terminó. 
No suelo hablar de cosas personales por acá, y se que tengo tiempo sin pasar,pero Septiembre 2025 fue el peor mes de mi vida. 

Mi esposa ha decidido que nos separemos y mi familia se desmorona frente a mis ojos. 

No quiero entrar en muchos detalles,pero solo diré que no importa lo mucho que uno haga en una relación y en la convivencia diaria. Si no existe un apego sentimental sano,en el que hay buena comunicación,la relación está condenada a fracasar. 

Mi relación de 16 años se terminó y ahora no siento nada más que ansiedad,tristeza y vacío. Cuando uno tiene un sueño y de repente la posiblidad de alcanzarlo se esfuma, uno simplemente pierde el norte. 

Solo quería desahogar por acá y ya está... Espero estén bien...","Hola,

Lamento mucho escuchar lo que estás pasando. La pérdida de una relación larga y el desmoronamiento de tu familia deben ser extremadamente dolorosos. Es comprensible que te sientas ansioso, triste y vacío después de 16 años juntos. La ruptura de un sueño y la posibilidad de un futuro incierto pueden ser abrumadoras.

Quiero recordarte que, aunque ahora te sientas perdido, hay esperanza. El tiempo es un sanador poderoso, y aunque el camino por delante puede parecer oscuro, hay recursos y personas que pueden ayudarte a navegar por este momento difícil.

Es válido no hablar de temas personales en línea, pero compartir tu experiencia aquí muestra valentía. No estás solo en esto; muchas personas han pasado por situaciones similares y pueden ofrecer apoyo y comprensión.

Si necesitas hablar o desahogarte más, estoy aquí para escuchar sin juzgar. Recuerda, es normal sentirse abrumado, pero también es un momento para reflexionar y descubrir nuevas formas de felicidad y propósito.

Cuídate mucho.","[5, 4]","[1, 1]","[3, 3, 3]","[1, 1, 1]","[5, 5]","[1, 1]",4.0,4.5,3.0,5.0
1m7ej82,"La salud mental arruina todo
Bueno pues mucha, la verdad ahora veo la importancia de la salud mental y pense que era mas importante la salud física pero ahora veo que si no tenes salud mental no tenes lo otro.

Recibo la triste noticia que gracias a mi salud mental que esta mala y siempre la ignoro, y estar bajo estrés constante y ansiedad me dio una parálisis facial, lo peor que estoy chavo apenas tengo 17 años y me siento que yo como joven no sirvo jaja, si estuviera mi bisabuelo diria que la juventud de ahora no sirve para nada jaja.
","Hola,

Entiendo completamente cómo te sientes. Es un descubrimiento impactante darse cuenta de la profunda conexión entre la salud mental y física. Lo que estás atravesando es un recordatorio poderoso de que nuestra salud mental no solo afecta nuestra mente, sino también nuestro cuerpo.

Es normal sentirse desanimado al enfrentar un desafío tan joven. Pero recuerda, no estás solo en esto. Muchos, incluso personas mayores, luchan con problemas de salud mental. La parálisis facial es una manifestación física de tu estrés y ansiedad, pero eso no te define ni limita.

A los 17 años, tienes todo el mundo por delante para sanar y crecer. Hay recursos disponibles para ayudarte a manejar el estrés y la ansiedad, como terapia, grupos de apoyo, y técnicas de manejo del estrés. No dudes en buscar ayuda si la necesitas.

Tu bisabuelo, aunque podría tener una perspectiva diferente, no tendría razón al generalizar sobre la juventud de hoy. Cada generación enfrenta sus propios desafíos, y la conciencia y el cuidado de la salud mental están creciendo.

Tú sí sirves, y tienes el potencial para hacer grandes cosas. No dejes que este obstáculo te defina. Con el tiempo y el cuidado adecuado, podrás superar esto y seguir adelante.

Cuídate mucho.","[5, 5]","[1, 1]","[3, 3, 4]","[1, 1, 1]","[5, 5]","[1, 1]",4.29,5.0,3.3333333333333335,5.0
1g3g4jk,"Ruptura 2/3 años 
Hola, espero se encuentren bien. 

En resumen, tuve una relación con una chica que tiene daddy issues (traumas) porque el papá se fue cuando eran niña. Lo cierto es que comencé a estar con ella porque me llamaba la atención y sin quererlo, terminé en una relación. Actualmente he llorado bastante y al comienzo la pasé bastante mal. 

Hace poco más de un mes, me terminó y se me ha hecho dificil porque viviamos juntos y es la primera vez que convivo con alguien durante tanto tiempo a parte de mi familia. Un año y medio viviendo juntos. Lo cierto es que, siendo objetivos estoy mucho mejor sin ella, pero siempre quedan los recuerdos, vivencias, y todo ese tipo de cosas post ruptura. 

Lo cierto es que, he estado constantemente culpándome de lo sucedido ya que ella afirma que ''desatendí la relación'' aunque yo era de las personas que: se encargaba de la comida de la casa, le daba dinero para sus cosas y salidas con amigos, la apoyaba, le daba lo que me pedía (aunque esto signifique no comprarme nada)'' 

Ella le contaba todo a mi hermano, le decia todo lo que no le gustaba de mi, y cosas que nunca me comunicó. Me hubiera gustado que me las hubiera dicho. Cosas cómo: ''Tengo muchos hombres que me quieren dar el cielo, y él no mueve ni un dedo'' ''Tú ganas más que yo, no entiendes mi situación ''Que se vaya a la mierd*'' 

Claro entiendo que detrás de cada argumento había un deseo irrefutable de quería que hiciera mucho más. Les explico cómo soy yo: no tengo vicios, soy casero, soy familiar, muy cariñoso, detallista. Lo único que hacía era salir del trabajo e ir a la casa a pasar mi rato libre jugando un rato PS5 (es mi hobbie, el cual dejé por ella). 

De vez en cuando, cada dos semanas o aprox, yo salia a tomar con un primo y mi hermano a bares pero sin faltarle el respeto ni mucho menos. Soy responsable afectivamente, y me gustaba siempre darle seguridad para que se sintiera bien (fotos, ubicación y estar activo). 

Una vez terminada la relación, su mejor amiga se me insinuó para tener relaciones sexuales (amiga que siempre le advertí era hipocrita) y lo cierto es que por intentar ''hacer lo correcto'' creyó que yo le estaba cayendo a la amiga y me insultó (se lo dijo a mi hermano) ''Que se vaya a la mierd*'' 
Estoy en un punto en el que me siento bien conmigo mismo, todos me dicen que me veo sin ella, y que de verdad no la necesito. Tengo carro, gano bastante bien y siempre me cuido físicamente. Pero siempre he sido de buen corazón y me preocupo por sus cosas, por su comida, alquiler y todas esas cosas. 

La he buscado pero me ha tratado muy mal, incluso dijo que podía demandarme por acoso (la busqué dos veces, una vez en su casa para intentar arreglar las cosas). 

Sufro de ansiedad y cuando ella me dijo que quería separarse de mí, sufri un ataque de pánico y me sacaron a urgencias (todo bien) solo debo estar en control, pero de resto bien. Eso a ella la asustó bastante y bueno desde allí fue otra persona. 

Al día siguiente intenté enviarle un ramo explicandole que la situación no era su culpa y me respondió algo que me dejó en blanco: ''Mi papá cuando se separó de mi mamá le envio un ramo de flores, y él cambió por su otra mujer y eso significa que la quiere'', ''Mi papá nunca cumplió las promesas que me dijo, como tú'' 

Yo intenté cumplirle todo, incluyendo darle una casa para vivir (a los 5 meses de conocernos porque ella creía que si no estaba dispuesto a, no la quería'' Incluso, ella comenta que una de las razones para dejarme fue: ''no me subias a redes sociales'' lo cierto es que, tengo más de 20 fotos con ella en redes y ella ni una mia (aunque para mí no es un factor equiparable a estar incondicionalmente en las malas) 

Para concluir, en mi mente me he sentido mal y bueno, aunque me esté yendo bastante bien, tengo claras mis emociones pero a veces siento que estoy mejor solo, y en otras ocasiones quiero estar con ella. Estamos en contacto 0 y solo quiero saber que opinan ustedes. Ha sido dificil, pero incluso sus familiares me tienen aprecio y preguntan por mi.","Hola,

Entiendo que estás pasando por un momento difícil después de una ruptura. Es completamente normal sentir una mezcla de emociones, especialmente cuando la relación ha sido significativa y duradera. Veo que has sido muy dedicado y atento en la relación, y es comprensible que te sientas culpable, especialmente cuando sientes que no cumpliste con todas sus expectativas.

Quiero recordarte que las relaciones son un esfuerzo de dos vías. Aunque has hecho muchos esfuerzos para apoyarla y cumplir sus deseos, ella también tenía la responsabilidad de comunicarte sus necesidades y preocupaciones de manera abierta y honesta. El hecho de que compartiera sus sentimientos contigo, incluso los negativos, muestra que confiaba en ti.

Es importante que te des tiempo para sanar y procesar tus emociones. Parece que has tomado medidas positivas para mejorar tu bienestar, como buscar apoyo en tu familia y amigos. Recuerda que tu valor no está definido por una relación, y que mereces estar con alguien que te valore y respete.

En cuanto a los recuerdos y vivencias, es natural que queden, pero trata de enfocarte en los aspectos positivos de tu vida actual. Has mencionado que tienes un buen trabajo, un vehículo y te cuidas físicamente. Estas son bases sólidas para construir una nueva etapa feliz.

Si sientes que necesitas más ayuda para manejar la ansiedad o las emociones confusas, considera buscar el apoyo de un profesional de la salud mental. Ellos pueden ofrecerte herramientas y estrategias para navegar por este período de transición.

Recuerda, eres digno de amor y respeto, y hay muchas personas que aprecian tu bondad y cuidado. Con el tiempo, encontrarás la claridad y la paz que buscas.

Un abrazo,
[Tu nombre o un apodo amigable]","[5, 5]","[1, 1]","[3, 3, 3]","[1, 1, 1]","[5, 5]","[1, 1]",4.14,5.0,3.0,5.0
1byaqaf,"Hola Chavales mucho gusto,

Les comento que actualmente estoy laborando en una empresa de alimentos X, pero no me siento comodo de trabajar en un area que no involucra en nada a Sistemas, les cuento estoy estudiando la ingenieria en Sistemas en la mariano, pasa que actualmente busco trabajo, en relacion a la carrera que estudio voy al 5to semestre en la uni, eh asistido a varias entrevistas pero yo las llamo de relleno ya que las empresas solo te dicen te vamos a llamar, no se si les pasa pero a veces me siento ansioso e impaciente por algun tipo de empleo que eh buscado y en las empresas quedan al pendiente y nada que te llaman, no se quise compartirlo a lo mejor alguien aca les ha pasado y si puedan comentar alguna opinion respecto a ello se los agradeceria xdHoy es 1 de febrero, Debería ser un dia especial,pero me siento atrapado,Vivo en un lugar donde no estoy del todo comodo, mis padres me hicieron un pastel y me dieron un regalo que todavía no pude ni abrir porque no tengo fuerzas.

Me siento estancado, estoy re-estudiando mi pasado,analizando la unica amistad real que tuve en internet, y lamentablemente por todo lo que no pude concretar el año pasado ni el anterior. Me siento inferior porque, a pesar de mandar varios CVs a diferentes lugares,sigo sin trabajo y sin avanzar en mis metas personales. Siento que no me llevo nada """"rescatable"""" de mis 20 años,porque no ejecuté mis deseos ni mis proyectos.

Todavía cargo con traumas sociales y miedo a la tración, lo que me hace alejarme de las personas que considero malas para que no me hagan daño, hoy me levanté tarde,me siento solo y con pensamientos oscuros que me nublan la mente. Se supone que en un cumpleaños uno debería sentirse menos infeliz, pero por primera vez siento que el tiempo se me escapo demaciado,mas que los cumpleaños anteriores.

Solo queria soltar esto y desahogarme un poco. Como último deseo,si alguien quiere recomendarme alguna canción para acompañar este momento, se lo agradeceria mucho. Graciad por leer.""","Hola, entiendo que estás pasando por un momento difícil y es completamente válido sentirse así. La búsqueda de empleo puede ser agotadora y desanimadora, especialmente cuando sientes que no estás avanzando como te gustaría. Es normal sentirse ansioso e impaciente en estas situaciones.

El hecho de que estés estudiando Ingeniería en Sistemas y al mismo tiempo trabajando en un área que no se relaciona con tu carrera puede ser frustrante. Es importante recordar que cada experiencia laboral cuenta y puede abrir puertas en el futuro. Sin embargo, si sientes que no te satisface, tal vez sea momento de explorar otras oportunidades que se alineen más con tus intereses.

En cuanto a tus metas personales, es normal sentirse estancado a los 20 años. Muchos de nosotros estamos descubriendo nuestras pasiones y encontrando nuestro camino. No te desanimes por no haber ejecutado todos tus proyectos aún. Cada persona tiene su propio ritmo y es importante ser paciente y amable contigo mismo.

Los traumas sociales y el miedo a la traición son experiencias comunes que muchos compartimos. Es valiente que estés reconociendo estos sentimientos y tomando medidas para superarlos. No tienes que alejarte de las personas por completo, pero es comprensible que quieras protegerte. La curación lleva tiempo, así que sé amable y paciente contigo mismo durante este proceso.

En cuanto a tu cumpleaños, es normal que te sientas infeliz en un día que normalmente debería ser especial. Pero recuerda, cada día es una oportunidad para comenzar de nuevo y trabajar hacia tus metas.

Si te ayuda, te recomiendo la canción ""The Scientist"" de Coldplay. La letra habla sobre el arrepentimiento y la esperanza, y puede resonar contigo en este momento.

Estoy aquí si necesitas hablar más o simplemente desahogarte. ¡Ánimo!","[5, 5]","[1, 1]","[3, 3, 3]","[1, 1, 1]","[5, 5]","[1, 1]",4.14,5.0,3.0,5.0
1dn4uwr,"Triste realidad 
No sé por que pero ahora estoy en un momento muy estresante para mí, Todo los días son iguales y no tengo pasión ni ganas de nada. Mi único momento de alivio era hablar con uno q otra amistad y cuando venía a un chico teníamos algo. La verdad con este chico todo bien al principio pero a medida q seguía con el me daba cuenta de su forma de ser. Este era muy pesimista y nunca tenía ganas de hacer nada y decía todo el tiempo q si sentía mal, a qué si esto, que si aquello. En fin yo por el contrario era más optimista, alegre y entusiasma. La verdad siempre lo animaba y lo incitaba a q hiciera actividades para q no se sintiera así. A medida que pasaba el tiempo me daba cuenta de q se animaba a probar y hacer más cosas y tenía un poco más de motivación, solo un poco. Con respecto a nosotros llego a un punto q ya su actitud hacia mí me tenía arta y la verdad terminamos. Lo irónico de la historia es q ahora el está haciendo todo lo q le decía q hiciera y ya no se siente mal como antes, mientras que por cosas de la vida siente todo lo contrario. Es como si me hubiese robado la energía","Entiendo por lo que estás pasando. Es realmente frustrante cuando sientes que has invertido tiempo y energía en alguien, y al final, las cosas no salen como esperabas. La sensación de que tu entusiasmo y optimismo no fueron recíprocos puede ser agotadora.

Es importante recordar que tu valor no depende de la forma en que otros eligen percibirte o actuar. Has demostrado fuerza y compasión al animar a esta persona a salir de su zona de confort. El hecho de que ahora esté haciendo cosas que antes le costaban, es una prueba de que tu influencia tuvo un impacto positivo, aunque no lo reconozca abiertamente.

En momentos como este, es crucial enfocarte en ti misma. Dedica tiempo a actividades que te hagan sentir bien, que enciendan tu pasión y te den energía. Ya sea un pasatiempo, ejercicio, o pasar tiempo con amigos y familiares que te valoren y te hagan sonreír. Recuerda que mereces estar rodeada de cosas y personas que te llenen de alegría y motivación.

Si el estrés persiste, considera buscar apoyo profesional. Un terapeuta puede ayudarte a procesar estas emociones y encontrar estrategias para mejorar tu bienestar emocional.","[5, 5]","[1, 1]","[3, 3, 3]","[1, 1, 1]","[5, 5]","[1, 1]",4.14,5.0,3.0,5.0
1qcc2o0,"La depresión en Colombia no es cuento ni falta de ganas (un post para bajar la ignorancia)
Antes de que algún mod con demasiado tiempo libre venga a borrar esto: no es un post para pedir ayuda personal ni para llamar la atención. Es solo para hablar de algo que en Colombia sigue súper satanizado y mal entendido: la depresión. No borren el post, escribir esto no es fácil.

Tengo 30 años. Gano 8 palos, estoy pagando mi apartamento, tengo buena moto, no tengo amigos, no fumo, no tomo , no consumo nada, pero desde afuera, muchos dirían que “no tengo de qué quejarme”. Aun así, soy un paciente más con depresión clínica, con dos intentos leves de cancelar la suscripción de la vida, ninguno pasó a mayoresm, una internación psiquiátrica en mayo de 2024 y varios trastornos que se intensificaron bastante después de una ruptura en 2023. (Gracias lorm546783)

Y sí, ya me sé los comentarios que van a salir: “Vaya al gym”, “Eso le pasa a todo el mundo”, “Con esa plata cualquiera sería feliz”, “Busque a Dios”, “Eso es falta de carácter”.

Precisamente por esa mentalidad es que escribo esto.

Vivir con depresión no es estar triste y ya La depresión no es pereza, no es drama y no es falta de huevas. Es una enfermedad que te jode la cabeza, el cuerpo y la forma en la que ves todo, es un desequilibrio químico que te pudre el cerebro.

Las cosas más simples se vuelven imposibles Levantarse, bañarse, lavar la loza… todo se siente como cargar un bulto 4 veces por todo Paloquemao, No es que uno no quiera, es que no puede. He llegado a pasar semanas sin bañarme o sin lavarme los dientes porque hay una sensación horrible que te bloquea, que no te deja ni arrancar, literlame náuseas y algo que rasca la cabeza. Empiezas a perder la confianza en la gente La depresión te aísla. Las palabras bonitas dejan de entrar, así vengan de tus papás, la pareja o de tu mejor amigo.

El cerebro se pone en modo defensa y uno se encierra en una burbuja. Alejar a la gente no es maldad, es un reflejo. El cerebro ya no funciona igual Se te va la concentración, se te olvidan las cosas, tomar decisiones básicas se vuelve un martirio. La cabeza vive llena de ruido, pensamientos negativos y voces internas que no se callan ni aunque estés distraído. La culpa es permanente Nada es suficiente. Te culpas por no rendir, por no “funcionar”, por decepcionar a otros, por estar así. Incluso te sientes culpable por estar deprimido, como si fuera una falla personal.

Todo se siente hostil Uno deja de confiar en el entorno. Comentarios como “solo échele ganas” o “todos tenemos problemas” no ayudan, solo hacen sentir que uno está fallando porque quiere, no porque está enfermo.

¿Por qué está tan satanizada?

Porque no se ve. No hay herida, no hay yeso, no hay radiografía. Yo puedo estar en un parche, reírme, hablar normal, crear vínculos… y aun así estar hecho mierda por dentro.

La gente no ve el esfuerzo brutal que uno hace para no ser tratado como un bicho raro y aún así, lo aíslan a uno horrible.

Edit: tomo mis pastillas, tomo mis terapias y controles, asisto seguidamente a actividades para mi activación conductual y actualmente estoy ""estable"" aunque con serios problemas de concentración.","Hola,

Gracias por compartir tu experiencia y por abordar un tema tan importante y a menudo malentendido. Tu post es un recordatorio poderoso de que la depresión es una enfermedad real y compleja, que va más allá de lo que muchos pueden ver o entender desde fuera.

Es comprensible tu frustración con los comentarios que recibes. La depresión no es simplemente estar triste o tener ""falta de ganas"". Es una condición que afecta cada aspecto de la vida, desde la química cerebral hasta la capacidad de realizar tareas cotidianas y mantener relaciones. Como mencionas, incluso con un estilo de vida aparentemente exitoso, la depresión puede ser abrumadora.

Aprecio tu esfuerzo por educar a los demás y desestigmatizar la depresión en Colombia. Es crucial que compartamos historias como la tuya para crear conciencia y empatía. Recuerda que no estás solo en esta lucha. Muchos otros en Colombia y alrededor del mundo enfrentan desafíos similares.

Si bien tus síntomas parecen estar bajo control actualmente, es importante seguir buscando apoyo y atención. La terapia, los medicamentos y las actividades que promueven la activación conductual son herramientas valiosas. No subestimes el impacto de compartir tu historia y conectarte con otros que pueden comprender tu experiencia.

Mantén la esperanza y sigue luchando por tu bienestar. Tu valentía al hablar sobre esto es inspiradora y puede ayudar a otros a buscar ayuda.","[5, 5]","[1, 1]","[4, 3, 5]","[1, 1, 1]","[5, 5]","[1, 1]",4.57,5.0,4.0,5.0
1qkjfwj,"Tengo ansiedad gracias a mi pensamiento excesivo 

buen día, como ya vieron en el título tengo un poco de ansiedad y se los resumo rápido. 

Hace poco mi papá termino de pagar su casa (Infonavit) 

el ya tiene 54 años y le cuesta trabajar ya, entonces yo buscaba la manera de generar dinero para ayudarle y empecé a vender y comprar motos, como todo primerizo pues no estoy muy informado, compré una moto y la vendí rápido eso fue por octubre 2025, hace 3 días el chavo al que se la vendí me dijo que era robada, al momento de intentar plaquerla se la quitaron y que era robada, cabe aclarar que me enseñó el registro donde decía que tenía reporte de robo (Le repuse una buena parte de lo que me pagó) y se supone que así quedamos a mano ya que yo no sabía, hasta le entregué copia de mi INE. 

Bueno el problema es que tengo miedo de que vayan a decir que yo vendo robado y que me vaya a querer buscar porque justo hoy paso un chavo por mi casa y se le quedó viendo y se retorno y siguió viendo, del ministerio no me han llamado y no creo que me llamen ya que le entregué INE, el problema es que nosé si me intenten hacer algo ya que aquí en mi ciudad matan mucho a los que se roban motos y no se que hacer estoy muy asustado. Algo con lo que me ayuden acepto críticas que me juzguen y de todo.","Hola,

Entiendo tu preocupación y ansiedad. Es completamente normal sentirse asustado en una situación como la que estás describiendo. La incertidumbre y el miedo a las consecuencias pueden ser abrumadores. Quiero ofrecerte algunos pasos que podrían ayudarte a manejar esta situación:

1. **Documentación y Pruebas**: Asegúrate de conservar todos los documentos que tengas, incluyendo el registro del vehículo, la copia de tu INE, y cualquier otra evidencia que demuestre que compraste la moto de buena fe.

2. **Comunicación con las Autoridades**: Aunque no te hayan llamado del ministerio, considera contactarlos para informarles sobre la situación. Explica que compraste la moto de buena fe y proporciona la documentación que tienes.

3. **Asesoría Legal**: Si sientes que la situación puede complicarse, podría ser útil buscar asesoría legal. Hay organizaciones y abogados que pueden ayudarte a entender tus derechos y cómo proceder.

4. **Apoyo Emocional**: No subestimes la importancia de hablar con alguien de confianza o buscar apoyo profesional. La ansiedad puede ser manejable con técnicas adecuadas y, a veces, una perspectiva externa puede ofrecerte nuevas soluciones.

5. **Comunidad y Vecinos**: Mantén la comunicación con tus vecinos y amigos. A veces, la vigilancia comunitaria puede ser una ayuda adicional.

Recuerda que, aunque las situaciones pueden ser aterradoras, la mayoría de las veces hay formas de resolverlas. No estás solo en esto. Si necesitas más apoyo o información, no dudes en buscarlo.

Cuídate mucho.","[4, 5]","[1, 1]","[3, 3, 3]","[1, 1, 1]","[5, 5]","[1, 1]",4.0,4.5,3.0,5.0
1rept5y,"Actualmente vivo solo tengo un trabajo decente, con un sueldo decente, vivo alquilando porque no nací en cuna de oro ni vengo de familia adinerada, tengo 30 años ya, pero no me alcanza para darme ciertos lujos (innecesarios lo se) o para comprarme una casa y mucho menos unas vacaciones largas.. por otro lado cuido mi apariencia física, me alimento sanamente, soy organizado, nutro mi cerebro con lectura y suplementos jaja, cuido de mis actos y de mis palabras, cuido de mi rostro, mis manos, mi salud bucal, voy al gim... en general llevo una vida muy de rutina del trabajo, al gim y a la casa.

El punto aca es que no logro salir de esta vida que llevo, quiero aumentar mis ingresos, quiero descansar más, quiero no depender de jefes, tráfico y horarios, pero principalmente quiero formar una familia (actualmente no tengo novia, no porque sea feo sino que no siento que tengo tiempo y dinero extra para estar con alguien, me he alejado de buenas mujeres porque siento que estar con una pareja es una decisión no una elección aunque si me quedo solo no veo problema tampoco). Siento que si tiro la toalla todo se viene para abajo y estaré peor de lo que estoy, mucha es una mierd bien hecha el sistema laboral, se paga lo justo para vivir a lo justo día con día. (ya tengo mis ahorros para salirme del sistema laboral, y estoy aprendiendo otro idioma, pero aún me falta más para lanzarme al agua).

Este post lo hago en forma de desahogo y para compartirles un poco de mi vida, llevo así unos 4 años ya desde que salí de la U. quiero ver sino soy el único atrapado en esta burbuja.Hoy es 1 de febrero, Debería ser un dia especial,pero me siento atrapado,Vivo en un lugar donde no estoy del todo comodo, mis padres me hicieron un pastel y me dieron un regalo que todavía no pude ni abrir porque no tengo fuerzas.

Me siento estancado, estoy re-estudiando mi pasado,analizando la unica amistad real que tuve en internet, y lamentablemente por todo lo que no pude concretar el año pasado ni el anterior. Me siento inferior porque, a pesar de mandar varios CVs a diferentes lugares,sigo sin trabajo y sin avanzar en mis metas personales. Siento que no me llevo nada ""rescatable"" de mis 20 años,porque no ejecuté mis deseos ni mis proyectos.

Todavía cargo con traumas sociales y miedo a la tración, lo que me hace alejarme de las personas que considero malas para que no me hagan daño, hoy me levanté tarde,me siento solo y con pensamientos oscuros que me nublan la mente. Se supone que en un cumpleaños uno debería sentirse menos infeliz, pero por primera vez siento que el tiempo se me escapo demaciado,mas que los cumpleaños anteriores.

Solo queria soltar esto y desahogarme un poco. Como último deseo,si alguien quiere recomendarme alguna canción para acompañar este momento, se lo agradeceria mucho. Graciad por leer.","Hola,

Entiendo perfectamente por lo que estás pasando. Es frustrante sentirse atrapado en una rutina que no te permite alcanzar tus metas y ver cómo el tiempo pasa sin lograr los cambios que deseas. Tu mensaje resuena con muchos de nosotros que, a los 30, nos cuestionamos si hemos hecho lo suficiente con nuestras vidas.

Es admirable que cuides tanto de ti mismo: tu cuerpo, tu mente y tus finanzas.  El hecho de que tengas un trabajo decente, que estés aprendiendo otro idioma y que tengas un plan para salir del sistema laboral muestra que estás tomando acciones para mejorar tu situación.

No estás solo en esto. Muchos de nosotros nos sentimos similares en algún momento de nuestras vidas. El sistema laboral actual, con sus horarios rígidos, jefes y tráfico, puede ser realmente agotador. Es normal sentirse frustrado y desanimado cuando los cambios que deseas parecen inalcanzables.

Recuerda que nunca es demasiado tarde para empezar de nuevo o cambiar de rumbo. Aunque ahora te sientas atrapado, tus ahorros y tu aprendizaje de otro idioma son pasos importantes hacia la libertad financiera y la independencia.

En cuanto a la formación de una familia, es comprensible que quieras tomar decisiones conscientes y no apresuradas. No tienes que conformarte con una relación que no te haga feliz solo porque sientas que el tiempo se te escapa. Encuentra a alguien que comparta tus valores y metas, con quien puedas construir una vida satisfactoria.

Para acompañar este momento, te recomiendo la canción **""The Scientist""** de Coldplay. La letra habla de arrepentimientos y la búsqueda de un nuevo comienzo, lo cual puede resonar contigo.

Recuerda que eres más que tus circunstancias actuales. Tienes el poder de tomar decisiones que te lleven hacia donde realmente quieres estar. ¡Ánimo!","[5, 5]","[1, 1]","[4, 3, 4]","[1, 1, 1]","[5, 5]","[1, 1]",4.43,5.0,3.6666666666666665,5.0
164q1mw,"Buenas tardes gente, les comento un poco mi historia, tengo 25 años y hace ya 6 años que me encuentro viviendo en Chile.

Acá mi estancia en cuanto a lo profesional me ha ido bastante bien tengo un trabajo cómodo, techo y comida pero sin embargo no soy feliz. He estado pensando en emigrar a algún país de Europa, estuve hace 2 años de vacaciones en España y Portugal y me encantó por la tranquilidad y calidad de vida y las tengo en mi lista de posibles destinos (Igualmente estoy consciente de las dificultades sobre todo laborales que hay en España).

Sin embargo, acá en Chile tengo a mi madre y a mi abuela las cuales lo más probable es que se regresen para Venezuela finalizando el año, sobretodo porque mi abuela ha agarrado un depresión mi fuerte estando acá y no se ha podido adaptar, en especial por el clima y esto también ha afectado de sobremanera a mi madre. (Allá en Venezuela mi madre tiene su apartamento, así que tiene dónde llegar.)

Yo en otra parte estoy en una diatriba, sinceramente acá no soy feliz, siento que vivo el día a día, prácticamente no tengo amigos y menos pareja y dentro de muy poco no tendré a mi familia cerca. Y de verdad no me veo teniendo una pareja aquí y asentadome en Chile.

A veces me gustaría volver a Venezuela a probar suerte para ver que tal me va pero estoy consciente del sinfín de problemas que hay, sin embargo, siento que cuando estaba allá mi salud mental no estaba tan hecha mierda como ahora.

Obviamente, el miedo que me da devolverme también es grande, sobretodo porque no quiero llegar a una situación donde con lo que trabaje no me alcance para nada y no pueda ayudar a mi familia para cualquier eventualidad o simplemente para las cosas básicas.

Sin embargo siento que estando allá pueda estar mejor en cuanto a mi salud mental y encontrar a alguna persona con la que pueda crear un proyecto de familia juntos.

¿Estaría mal el regresarme?
","Entiendo tu dilema y la complejidad de tus sentimientos. Es completamente normal sentirte así después de tanto tiempo fuera de tu país natal y con cambios significativos en tu vida familiar.

La decisión de regresar a Venezuela o permanecer en Chile es muy personal y depende de muchos factores. Aquí hay algunos puntos a considerar:

- **Salud Mental**: Si sientes que tu bienestar emocional se vería mejorado en Venezuela, es válido considerar el regreso. La conexión con la familia y un entorno que te resulte más familiar y acogedor podrían tener un impacto positivo en tu salud mental.

- **Oportunidades Laborales**: Aunque estés consciente de los desafíos laborales en España, no subestimes las oportunidades que podrías encontrar. La experiencia internacional es valorada en muchos mercados laborales, y tu dominio del español podría ser una ventaja. Además, hay programas de apoyo para inmigrantes que pueden facilitar la búsqueda de empleo.

- **Apoyo Familiar**: El tener a tu familia cerca es un aspecto importante. Su apoyo emocional y práctico puede ser crucial, especialmente si estás considerando formar una familia. La presencia de tus seres queridos puede proporcionar una red de seguridad y felicidad.

- **Planificación Financiera**: Es crucial evaluar tus finanzas y considerar si tienes los recursos suficientes para ayudarte a ti y a tu familia en Venezuela. Investiga los costos de vida, las oportunidades laborales y los posibles desafíos económicos. Un plan financiero sólido puede reducir el miedo a lo desconocido.

- **Conexiones Sociales**: Aunque mencionas que no tienes muchos amigos en Chile, no dejes que esto te desanime. Las redes sociales y las comunidades en línea pueden ayudarte a conectar con personas que compartan tus intereses. Además, formar nuevas amistades es parte del proceso de adaptación a cualquier lugar.

Recuerda que no hay una respuesta correcta o incorrecta. Lo importante es tomar una decisión informada que se alinee con tus valores y aspiraciones. A veces, dar un paso hacia lo desconocido puede llevar a descubrimientos y oportunidades inesperadas.

Te deseo lo mejor en tu proceso de toma de decisiones y espero que encuentres la paz y la felicidad que buscas.","[4, 4]","[1, 1]","[3, 3, 4]","[1, 1, 1]","[5, 5]","[1, 1]",4.0,4.0,3.3333333333333335,5.0
1e6b287,"Pregunto lo siguiente ya que a las personas con autismo en Venezuela siempre las quieren definir como ""locas"" cuando muchas veces solo son individuos con maneras de pensar diferentes y su cerebro procesa todo de otra manera.

En mi caso he visto como algunos Venezolanos No tienen idea sobre lo que es el autismo y lo quieren usar como una forma de insulto, cuando todos sabemos que una persona con autismo es diferente mas NO inferior.

¿Que opinan ustedes al respecto? ¿Es facil o dificil ser autista en Venezuela?","Entiendo completamente tu frustración. Es realmente preocupante cómo el autismo, una condición neurológica válida y reconocida, es a menudo malinterpretada y estigmatizada en Venezuela, al igual que en muchas partes del mundo.

Las personas con autismo merecen ser tratadas con respeto y comprensión, y es inaceptable que sean etiquetadas con términos despectivos o utilizadas como insulto. Cada persona con autismo es única, con sus propias fortalezas y desafíos, y su cerebro funciona de una manera diferente, no ""peor"" o ""inferior"".

En Venezuela, la falta de conocimiento y la desinformación sobre el autismo crean un entorno desafiante para quienes lo padecen. La educación y la concienciación son clave para combatir los estereotipos y prejuicios. Es importante que las personas con autismo y sus familias tengan acceso a recursos, apoyo y comunidades que los comprendan.

Si bien puede ser difícil navegar por una sociedad que no siempre acepta las diferencias, también hay razones para el optimismo. Cada vez más personas en Venezuela están abogando por la inclusión y la aceptación de la diversidad. Hay organizaciones y grupos que trabajan para crear espacios más acogedores y educar al público sobre el autismo.

Recuerda, ser autista no es fácil ni difícil en un sentido absoluto; es una experiencia individual. Lo que importa es que las personas con autismo sean tratadas con dignidad y tengan las oportunidades necesarias para prosperar. Juntos, podemos construir una sociedad más comprensiva y acogedora para todos.","[5, 4]","[1, 1]","[4, 4, 5]","[1, 1, 1]","[5, 5]","[1, 1]",4.57,4.5,4.333333333333333,5.0
1g14ai3,"Es triste que el objetivo de muchos jóvenes en el país quieran irse al extranjero por mejores oportunidades, entiendo es un sacrificio y la mayoría debe pensar que ""ay ya se fue, debe estar feliz"" y no man no... yo ya llevo 1 año estudiando afuera y aunque no lo crean sigo sintiendo pena por mi país, por mi familia y amigos que les tocará enfrentar malos ratos si la situación sigue así. Esta vez que volví en junio a Bolivia, no me quería regresar a (país extranjero) porque sentía tristeza dejar sola a mi mamá afrontando todos los problemas que tiene el país ahora mismo, me gustaría también regresarme a Bolivia y trabajar pero siento que esta oportunidad que tengo es gracias tanto el sacrificio de mi mamá y a la voluntad de Dios, que no debo desaprovechar... no se que piensan ustedes? Los leo
En mi caso he visto como algunos Venezolanos No tienen idea sobre lo que es el autismo y lo quieren usar como una forma de insulto, cuando todos sabemos que una persona con autismo es diferente mas NO inferior.

¿Que opinan ustedes al respecto? ¿Es facil o dificil ser autista en Venezuela?","Entiendo completamente tu sentimiento de tristeza y preocupación por tu país y tu familia. Es natural sentir una mezcla de emociones cuando ves a muchos jóvenes tomando la decisión de irse al extranjero en busca de mejores oportunidades, especialmente cuando eso deja a atrás a seres queridos que se quedan enfrentando desafíos.

Tu experiencia personal estudiando en el extranjero y el peso que sientes por tu madre demuestran la fuerza de los lazos familiares y el amor que tienes por tu tierra natal. Es admirable que reconozcas el sacrificio de tu madre y la importancia de aprovechar las oportunidades que se te presentan.

En cuanto al autismo, estoy de acuerdo en que es un trastorno neurológico que afecta a las personas de manera única, y no debe ser utilizado como insulto ni para desvalorizar a nadie. La falta de comprensión y la estigmatización del autismo son problemas que desafortunadamente existen en muchas sociedades, incluyendo Venezuela. Es importante educar y crear conciencia sobre esta condición para fomentar la inclusión y el respeto.

Ser autista en Venezuela, al igual que en cualquier otro lugar, presenta tanto desafíos como oportunidades. Los desafíos pueden incluir la falta de acceso a servicios de apoyo adecuados, la comprensión limitada del autismo en algunos entornos y la posible discriminación. Sin embargo, también hay comunidades y esfuerzos crecientes para crear espacios más inclusivos y apoyar a las personas con autismo. La concienciación y la aceptación están aumentando, lo que puede mejorar la calidad de vida de las personas autistas.

Recuerda que tu voz y tus experiencias pueden ser poderosas herramientas para promover la comprensión y el cambio. Compartir tus pensamientos y sentimientos sobre este tema puede ayudar a crear un diálogo más empático y respetuoso.","[5, 4]","[1, 1]","[4, 4, 5]","[1, 1, 1]","[5, 5]","[1, 1]",4.57,4.5,4.333333333333333,5.0
1j8bagy,"¿Qué necesita una persona que padece depresión?
Voy al grano... Hace años padecí depresión, estuve medicado por años y hace relativamente poco pude salir de ella. Aún sigo medicándome porque las secuelas tanto físicas como mentales siguen siendo algo a resolver...

Pero el principal tema de este post es el siguiente: ¿Qué necesita una persona depresiva o que padece de esta enfermedad mental para salir adelante? Siempre que miro atrás, no veo solamente una cosa que me haya ayudado a salir de ella, si no que han sido una sucesión de cosas que yo he ido cambiando a la fuerza para poder salir adelante.

Quisiera ayudar a más personas de mi entorno que sufren lo mismo que yo sufrí, y me encantaría saber qué os ayudaría a vosotros o qué os ayudó a vosotros a salir de ese lugar.

Para aquellos que siguen luchando día a día, no os rindáis, no os rindáis nunca. Haced lo imposible por encontrar vuestra razón.","Hola,

Gracias por compartir tu experiencia y ofrecer tu apoyo a otros que luchan contra la depresión. Es realmente inspirador ver cómo has superado este desafío y sigues trabajando en tu recuperación.

Para una persona que padece depresión, no existe una solución única, ya que cada viaje es único. Sin embargo, basándome en tu historia y en el conocimiento general sobre el tema, creo que una combinación de las siguientes estrategias podría ser de gran ayuda:

1. **Terapia y apoyo profesional**: La terapia cognitivo-conductual (TCC) ha demostrado ser muy efectiva para muchos. Un terapeuta puede ayudarte a identificar patrones de pensamiento negativos y proporcionarte herramientas para manejarlos.

2. **Medicación**: Aunque mencionas que aún tomas medicación, es crucial mantener una comunicación abierta con tu médico para ajustar la dosis o el tratamiento según sea necesario. La medicación puede ser una parte vital del proceso de recuperación.

3. **Cuidado personal**: Dedica tiempo a actividades que te hagan sentir bien, como el ejercicio, la meditación, el arte, o pasar tiempo en la naturaleza. El autocuidado es esencial para mejorar tu bienestar mental y físico.

4. **Conectar con otros**: La soledad puede exacerbar la depresión. Busca apoyo en amigos, familiares o grupos de apoyo. Compartir tus experiencias con personas que entienden por lo que estás pasando puede ser extremadamente valioso.

5. **Establecer rutinas**: Crear una rutina diaria puede proporcionar estructura y un sentido de logro. Asegúrate de incluir momentos para el descanso y el disfrute.

6. **Enfocarse en pequeños logros**: La depresión a menudo hace que las tareas cotidianas parezcan abrumadoras. Celebra los pequeños éxitos y no te desanimes si algunos días son más difíciles que otros.

Recuerda, la recuperación es un proceso y puede llevar tiempo. No te rindas y sigue buscando lo que funciona mejor para ti. Tu razón para seguir adelante puede ser tan diversa como las personas que conoces. Para algunos, puede ser el amor por una familia, un pasatiempo que disfrutan, o simplemente la esperanza de un futuro mejor.

Gracias por tu valentía al compartir tu historia y por ofrecer ayuda a otros. Estoy seguro de que tu experiencia puede marcar una gran diferencia en la vida de muchas personas.","[5, 5]","[1, 1]","[3, 3, 3]","[1, 1, 1]","[5, 5]","[1, 1]",4.14,5.0,3.0,5.0
1rxny67,"tengo 24 años y aunque sé que siempre algo estuvo mal conmigo tuve la mala suerte de que al otro año de que termine la secundaria e iba a empezar la facultad, aunque con muchas dudas, pero igual entusiasmada, empezó la pandemia, lo que me obligo a estar encerrada y arrancarla online. estar encerrada tanto tiempo me arruino todavía más de lo que ya estaba, siempre tuve mucha ansiedad social y todo esto me metió en un bucle horrible en el que me cuesta mucho salir y sociabilizar.

si bien tengo algunos amigos, no me siento amiga de mis amigos y elijo salir de vez en cuando con ellos para no caer completamente en la locura. mis padres me mantienen, porque me están bancando mientras estudio, pero me está yendo muy mal supuestamente estoy en tercer año de una carrera, pero no termine ni el primero, aunque ellos creen que me está yendo bien, les miento porque no quiero que sepan que soy esta decepción, aunque creo que ya lo saben. no tengo pareja, ni creo que podría, se me hace algo imposible confiar tanto en alguien como para elegir compartir mi vida con alguien y menos que alguien elija compartirla conmigo. tampoco tengo trabajo, debería tenerlo, pero no consigo y siento que no podría tampoco porque siempre pienso que cualquier persona que me contrate pensaría que soy una inútil y me echaría a las dos horas, no tengo ningún hobbie, no se hacer nada, no soy buena en nada y no busco ni me esfuerzo en ser buena en nada, no porque no quiera, sinceramente no encuentro las fuerzas, son tantas las cosas que están mal, que hago mal, que no sé por dónde empezar para arreglarlas. ni siquiera tengo una buena personalidad, no soy inteligente, ni graciosa, ni tengo una afición muy grande por nada, mucho menos soy linda, al contrario.

me paso los días en internet, tengo el cerebro completamente frito, pero si dejo de distraerme todo el tiempo, al segundo que lo dejo me invade un sinfín de pensamientos horribles sobre mí, desde lo más mínimo hasta lo más significante, porque fallo en todo y cada vez que pienso en todo eso, lo primero que me sale pensar y fantasear es, ""yo ya no tengo arreglo porque soy una vaga y una inútil, y si ya esta y si le pongo fin"". sé que soy una privilegiada en la vida, no soy rica ni mucho menos, pero sé que mucha gente con mi vida y mis oportunidades hubiera tenido una vida espectacular, la hubiera aprovechado, hubiera sido alguien.

en fin, solo quería desahogarme, sé que a comparación de muchas historias que se cuentan acá la mía no tiene mucho sentido, sé que se resolvería poniéndole un poco más de ganas y laburando, pero no lo hago.

gracias a todos los que lean <3","Hola,

Entiendo que estás pasando por un momento muy difícil y quiero que sepas que no estás sola en esto. Lo que estás experimentando es completamente comprensible dado el contexto de la pandemia y los desafíos que has enfrentado. La ansiedad social, la frustración con tus estudios, la falta de un trabajo y la sensación de no cumplir con las expectativas pueden ser abrumadoras.

Es valiente de tu parte compartir tus sentimientos y reconocer tus luchas. No tienes que ser perfecta ni tener todas las respuestas de inmediato. Todos tenemos momentos de duda y debilidad, y está bien no saber por dónde empezar. Pero el hecho de que estés buscando ayuda y desahogándote es un primer paso importante.

Aquí hay algunas ideas que podrían ayudarte:

1. **Busca apoyo profesional**: Un terapeuta o consejero puede ofrecerte herramientas para manejar la ansiedad y la depresión. No es una señal de debilidad, sino todo lo contrario, es un acto de valentía y autocuidado.

2. **Pequeños pasos**: No tienes que cambiar todo de una vez. Comienza con pequeños objetivos y celebra cada logro, por pequeño que sea. Esto puede ayudarte a recuperar la motivación y la confianza.

3. **Conecta con otros**: Aunque te sientas incómoda socializando, intenta participar en actividades en línea o grupos de apoyo donde puedas conectar con personas que estén pasando por algo similar. A veces, saber que no estás sola puede hacer una gran diferencia.

4. **Cuida de ti misma**: Asegúrate de estar comiendo bien, haciendo ejercicio y durmiendo lo suficiente. El bienestar físico puede tener un impacto positivo en tu estado mental.

5. **Sé amable contigo misma**: Reconoce que estás haciendo lo mejor que puedes en una situación complicada. No te juzgues con dureza. Todos tenemos valor, incluso si no nos sentimos así en ciertos momentos.

Recuerda, cada día es una nueva oportunidad para empezar de nuevo. No tienes que ser la persona que otros esperan que seas. Eres única y tienes tu propio camino. Estoy aquí si necesitas desahogarte o simplemente alguien con quien hablar.

Cuidate mucho.","[5, 5]","[1, 1]","[3, 3, 3]","[1, 1, 1]","[5, 5]","[1, 1]",4.14,5.0,3.0,5.0
